{
    "formula": "Unknown",
    "# of chemical formula units (f.u.)": 1,
    "Smoothing, THz": 3,
    "Resolution, pts": 1000,
    "mu": 0.1,
    "lambda": {
        "direct": {
            "lambda": 1.729,
            "gamma": 1.729
        },
        "a2f": {
            "lambda": 1.729,
            "gamma": 1.729
        }
    },
    "wlog, K": {
        "direct": {
            "lambda": {
                "K": 562,
                "THz": 11
            },
            "gamma": {
                "K": 562,
                "THz": 11
            }
        },
        "a2f": {
            "lambda": {
                "K": 459,
                "THz": 9
            },
            "gamma": {
                "K": 459,
                "THz": 9
            }
        }
    },
    "w2, K": {
        "direct": {
            "lambda": {
                "K": 973,
                "THz": 20
            },
            "gamma": {
                "K": 973,
                "THz": 20
            }
        },
        "a2f": {
            "lambda": {
                "K": 910,
                "THz": 18
            },
            "gamma": {
                "K": 910,
                "THz": 18
            }
        }
    },
    "Tc, K": {
        "McMillan": {
            "direct": {
                "lambda": 72.613,
                "gamma": 72.613
            },
            "a2f": {
                "lambda": 59.273,
                "gamma": 59.273
            }
        },
        "Allen-Dynes": {
            "direct": {
                "lambda": 95.401,
                "gamma": 95.4
            },
            "a2f": {
                "lambda": 82.074,
                "gamma": 82.074
            }
        },
        "Eliashberg": 82.262
    },
    "Sommerfeld gamma": {
        "mJ/mol/K^2": 17.679
    },
    "DeltaC/Tc": {
        "mJ/mol/K^2": 48.891
    },
    "Delta": {
        "meV": 16.624,
        "2Delta/kBTc": 4.69,
        "J": "2.663409E-21"
    },
    "Hc2, T": [
        42.594
    ],
    "beta (McMillan isotope coefficient)": 0.4873,
    "DOS": {
        "per Unit cell": {
            "states/spin/Ry": 18.7,
            "states/spin/eV": 1.3744
        },
        "per chemical formula unit (Unknown)": {
            "states/spin/Ry": 18.7,
            "states/spin/eV": 1.3744
        },
        "per mole of Unknown": {
            "states/spin/Ry": "1.126142E+25",
            "states/spin/eV": "8.276985E+23"
        }
    }
}