{
    "formula": "Unknown",
    "# of chemical formula units (f.u.)": 1,
    "Smoothing, THz": 3,
    "Resolution, pts": 1000,
    "mu": 0.1,
    "lambda": {
        "direct": {
            "lambda": 0.286,
            "gamma": 0.286
        },
        "a2f": {
            "lambda": 0.286,
            "gamma": 0.286
        }
    },
    "wlog, K": {
        "direct": {
            "lambda": {
                "K": 416,
                "THz": 8
            },
            "gamma": {
                "K": 414,
                "THz": 8
            }
        },
        "a2f": {
            "lambda": {
                "K": 459,
                "THz": 9
            },
            "gamma": {
                "K": 459,
                "THz": 9
            }
        }
    },
    "w2, K": {
        "direct": {
            "lambda": {
                "K": 1132,
                "THz": 23
            },
            "gamma": {
                "K": 1132,
                "THz": 23
            }
        },
        "a2f": {
            "lambda": {
                "K": 1169,
                "THz": 24
            },
            "gamma": {
                "K": 1169,
                "THz": 24
            }
        }
    },
    "Tc, K": {
        "McMillan": {
            "direct": {
                "lambda": 0.121,
                "gamma": 0.12
            },
            "a2f": {
                "lambda": 0.135,
                "gamma": 0.135
            }
        },
        "Allen-Dynes": {
            "direct": {
                "lambda": 0.124,
                "gamma": 0.123
            },
            "a2f": {
                "lambda": 0.138,
                "gamma": 0.138
            }
        },
        "Eliashberg": 0.001
    },
    "Sommerfeld gamma": {
        "mJ/mol/K^2": 6.869
    },
    "DeltaC/Tc": {
        "mJ/mol/K^2": 9.822
    },
    "Delta": {
        "meV": 0.0,
        "2Delta/kBTc": 3.53,
        "J": "2.436845E-26"
    },
    "Hc2, T": [
        0.0
    ],
    "beta (McMillan isotope coefficient)": 0.22164,
    "DOS": {
        "per Unit cell": {
            "states/spin/Ry": 15.4162,
            "states/spin/eV": 1.1331
        },
        "per chemical formula unit (Unknown)": {
            "states/spin/Ry": 15.4162,
            "states/spin/eV": 1.1331
        },
        "per mole of Unknown": {
            "states/spin/Ry": "9.283829E+24",
            "states/spin/eV": "6.823486E+23"
        }
    }
}