{
    "formula": "Unknown",
    "# of chemical formula units (f.u.)": 1,
    "Smoothing, THz": 3,
    "Resolution, pts": 1000,
    "mu": 0.1,
    "lambda": {
        "direct": {
            "lambda": 1.24,
            "gamma": 1.24
        },
        "a2f": {
            "lambda": 1.24,
            "gamma": 1.24
        }
    },
    "wlog, K": {
        "direct": {
            "lambda": {
                "K": 708,
                "THz": 14
            },
            "gamma": {
                "K": 708,
                "THz": 14
            }
        },
        "a2f": {
            "lambda": {
                "K": 742,
                "THz": 15
            },
            "gamma": {
                "K": 742,
                "THz": 15
            }
        }
    },
    "w2, K": {
        "direct": {
            "lambda": {
                "K": 1158,
                "THz": 24
            },
            "gamma": {
                "K": 1157,
                "THz": 24
            }
        },
        "a2f": {
            "lambda": {
                "K": 1179,
                "THz": 24
            },
            "gamma": {
                "K": 1179,
                "THz": 24
            }
        }
    },
    "Tc, K": {
        "McMillan": {
            "direct": {
                "lambda": 65.936,
                "gamma": 65.936
            },
            "a2f": {
                "lambda": 69.091,
                "gamma": 69.091
            }
        },
        "Allen-Dynes": {
            "direct": {
                "lambda": 77.106,
                "gamma": 77.101
            },
            "a2f": {
                "lambda": 80.312,
                "gamma": 80.312
            }
        },
        "Eliashberg": 80.483
    },
    "Sommerfeld gamma": {
        "mJ/mol/K^2": 14.515
    },
    "DeltaC/Tc": {
        "mJ/mol/K^2": 36.051
    },
    "Delta": {
        "meV": 15.17,
        "2Delta/kBTc": 4.375,
        "J": "2.430505E-21"
    },
    "Hc2, T": [
        36.714
    ],
    "beta (McMillan isotope coefficient)": 0.48178,
    "DOS": {
        "per Unit cell": {
            "states/spin/Ry": 18.7,
            "states/spin/eV": 1.3744
        },
        "per chemical formula unit (Unknown)": {
            "states/spin/Ry": 18.7,
            "states/spin/eV": 1.3744
        },
        "per mole of Unknown": {
            "states/spin/Ry": "1.126142E+25",
            "states/spin/eV": "8.276985E+23"
        }
    }
}